-- MySQL dump 10.13  Distrib 5.7.9, for Win64 (x86_64)
--
-- Host: localhost    Database: project496_db
-- ------------------------------------------------------
-- Server version	5.7.10-log

/*!40101 SET @OLD_CHARACTER_SET_CLIENT=@@CHARACTER_SET_CLIENT */;
/*!40101 SET @OLD_CHARACTER_SET_RESULTS=@@CHARACTER_SET_RESULTS */;
/*!40101 SET @OLD_COLLATION_CONNECTION=@@COLLATION_CONNECTION */;
/*!40101 SET NAMES utf8 */;
/*!40103 SET @OLD_TIME_ZONE=@@TIME_ZONE */;
/*!40103 SET TIME_ZONE='+00:00' */;
/*!40014 SET @OLD_UNIQUE_CHECKS=@@UNIQUE_CHECKS, UNIQUE_CHECKS=0 */;
/*!40014 SET @OLD_FOREIGN_KEY_CHECKS=@@FOREIGN_KEY_CHECKS, FOREIGN_KEY_CHECKS=0 */;
/*!40101 SET @OLD_SQL_MODE=@@SQL_MODE, SQL_MODE='NO_AUTO_VALUE_ON_ZERO' */;
/*!40111 SET @OLD_SQL_NOTES=@@SQL_NOTES, SQL_NOTES=0 */;

--
-- Table structure for table `location`
--

DROP TABLE IF EXISTS `location`;
/*!40101 SET @saved_cs_client     = @@character_set_client */;
/*!40101 SET character_set_client = utf8 */;
CREATE TABLE `location` (
  `location_id` varchar(4) CHARACTER SET utf8 NOT NULL,
  `location_name` varchar(50) CHARACTER SET utf8 NOT NULL,
  PRIMARY KEY (`location_id`)
) ENGINE=InnoDB DEFAULT CHARSET=utf8 COLLATE=utf8_unicode_ci;
/*!40101 SET character_set_client = @saved_cs_client */;

--
-- Dumping data for table `location`
--

LOCK TABLES `location` WRITE;
/*!40000 ALTER TABLE `location` DISABLE KEYS */;
INSERT INTO `location` VALUES ('L001','ประตูทางเข้าหน้ามหาวิทยาลัย'),('L002','ประตูทางเข้าบางเขน'),('L003','ประตูด้านหลังมหาวิทยาลัย'),('L004','โรงเถิดกสิกร');
/*!40000 ALTER TABLE `location` ENABLE KEYS */;
UNLOCK TABLES;

--
-- Table structure for table `news`
--

DROP TABLE IF EXISTS `news`;
/*!40101 SET @saved_cs_client     = @@character_set_client */;
/*!40101 SET character_set_client = utf8 */;
CREATE TABLE `news` (
  `news_id` varchar(6) NOT NULL,
  `description` text NOT NULL,
  `image` text NOT NULL,
  `post_date` datetime(6) NOT NULL,
  `title` varchar(100) NOT NULL,
  `officer_id` varchar(10) NOT NULL,
  PRIMARY KEY (`news_id`),
  KEY `FK35v1uh5r9f3bt7bduitnw69iq` (`officer_id`),
  CONSTRAINT `FK35v1uh5r9f3bt7bduitnw69iq` FOREIGN KEY (`officer_id`) REFERENCES `officer` (`officer_id`)
) ENGINE=InnoDB DEFAULT CHARSET=utf8;
/*!40101 SET character_set_client = @saved_cs_client */;

--
-- Dumping data for table `news`
--

LOCK TABLES `news` WRITE;
/*!40000 ALTER TABLE `news` DISABLE KEYS */;
INSERT INTO `news` VALUES ('NW0251','วันที่ 16 กันยายน 2567 มหาวิทยาลัยแม่โจ้ โดยวิทยาลัยบริหารศาสตร์ ร่วมกับ คณะสัตวศาสตร์และเทคโนโลยี ลงพื้นที่ช่วยเหลือผู้ประสบภัยน้ำท่วม โดยมีอาจารย์นารีวรรณ กลิ่นรัตน์ รองคณบดีฝ่ายกิจการนักศึกษา คอยกำกับดูแลอำนวยความสะดวกในการนำนักศึกษาเข้าพื้นที่ นำอุปกรณ์และสิ่งของเครื่องใช้จำเป็นจากการเปิดรับบริจาค ไปส่งมอบแก่ผู้ประสบภัยในพื้นที่ บ้านกกโท้ง ตำบลรอบเวียง และชุมชนบ้านน้ำลัด ตำบลริมกก อำเภอเมืองเชียงราย จังหวัดเชียงราย รวมถึงระดมกำลังนักศึกษาช่วยทำความสะอาดบ้านเรือนของชุมชน และเป็นกำลังใจให้ชุมชนชาวเชียงรายผ่านพ้นวิกฤติในครั้งนี้\r\n\r\nขอขอบคุณ ศิษย์เก่า คณาจารย์ บุคลากร นักศึกษา ผู้ร่วมบริจาคสมทบทุนในการช่วยเหลือผู้ประสบภัย มา ณ.โอกาสนี้','NW_10-12-2567-20.22.25.png','2024-09-16 00:00:00.000000','นักศึกษา ม.แม่โจ้ ลุยพื้นที่เชียงราย ช่วยเหลือผู้ประสบภัยน้ำท่วม','MJU001'),('NW0252','วันศุกร์ ที่ 15 พฤศจิกายน 2567 มหาวิทยาลัยแม่โจ้ ร่วมกับสมาคมศิษย์เก่าแม่โจ้ จัดทอดกฐินสามัคคี ประจำปี 2567 โดยมี รศ.ดร.เกรียงศักดิ์ ศรีเงินยวง รองอธิการบดีมหาวิทยาลัยแม่โจ้ เป็นประธาน นำคณะผู้บริหาร คณาจารย์ บุคลากร ตัวแทนนักศึกษา และสาธุชนทั้งหลายเข้าร่วมพิธีทอดกฐินถวาย ณ วัดมงคลเศรษฐี ตำบลหนองจ๊อม อำเภอสันทราย จังหวัดเชียงใหม่ ซึ่งมียอดเงินทำบุญ จำนวน 274,014.45 บาท เพื่อจะได้นำสร้างวิหารและสถานที่ปฏิบติธรรมต่อไป','NW_10-12-2567-20.19.27.png','2024-11-15 00:00:00.000000','ม.แม่โจ้ ร่วมกับ สมาคมศิษย์เก่าแม่โจ้ จัดทอดกฐินสามัคคี ประจำปี 2567 ณ วัดมงคลเศรษฐี','MJU002'),('NW3648','วันศุกร์ที่ 23 - วันอาทิตย์ที่ 25 ส.ค. 67 กองพัฒนานักศึกษา มหาวิทยาลัยแม่โจ้ โดยมี นายพิชิตพงษ์ ไชยโยชน์ นักวิชาการศึกษา พร้อมด้วย นางสาวจุฑามาศ เกิดโต เหรัญญิก ชมรมอนุรักษณ์สิ่งแวดล้อม และนางสาวอรณิชา ทิพย์ชัย กรรมการ ชมรมอนุรักษณ์สิ่งแวดล้อม นักศึกษามหาวิทยาลัยแม่โจ้ เข้ามหกรรม ALL FOR EDUCATION EDUCATIONFOR ALL รวมพลังนักสร้างการเปลี่ยนแปลง และนวัตกรรมการเรียนรู้เพื่อเด็กทุกคน อิมแพค ฟอรั่ม เมืองทองธานี โดยนางสาวจุฑามาศ เกิดโต เหรัญญิก ชมรมอนุรักษณ์สิ่งแวดล้อม นักศึกษามหาวิทยาลัยแม่โจ้ เป็นผู้แทนนักศึกษา ร่วมเสวนา เสียงแห่งอนาคต เพื่อเด็กและเยาวชนจากพื้นที่ ในเนื้อหาการทำงานร่วมกลับน้องนักเรียนกลุ่มเปราะบางที่อาจหลุดจากระบบการศึกษา ร่วมทั้งสะท้อนมุมมองการจัดการศึกษาในภูมิภาค และเสนอแนวนโยบายการจัดการเพื่อไม่ให้เกิดความเหลื่อมล้ำทางการศึกษา','NW_07-11-2567-15.22.02.png','2024-08-23 00:00:00.000000','ชมรมอนุรักษณ์สิ่งแวดล้อม ม.แม่โจ้ เข้าร่วมมหกรรม ALL FOR EDUCATION EDUCATION FOR ALL','MJU001'),('NW9860','วันที่ 29 พฤษภาคม 2567 เวลา 09.00 น. ณ อาคารวุฒากาศ กองกายภาพและสิ่งแวดล้อม มหาวิทยาลัยแม่โจ้ นางอรทัย เป็งนวล รักษาการแทนผู้อำนวยการกองกายภาพและสิ่งแวดล้อม นายเชิดพงษ์ รอบเมือง หัวหน้างานยานพาหนะและบรรเทาสาธารณภัย มหาวิทยาลัยแม่โจ้ ร่วมกับ พ.ต.ท.จักษ์พัฒน์ ดอกจันทร์ สว.จร.สภ.สันทราย ปฏิบัติหน้าที่ สว.จร.สภ.แม่โจ้ ร่วมหารือแนวทางและกำหนดมาตรการ เพื่อบรรเทาการจราจรติดขัดในช่วงที่มีการปรับปรุงผิวจราจรทางหลวง 1001 บริเวณจุดกลับรถพืชไร่ ถึงมหาวิทยาลัยแม่โจ้ ซึ่งเป็นพื้นที่ในความรับผิดชอบดูแลการจราจรของ สภ.แม่โจ้ และเพื่อเป็นการแก้ปัญหาการจราจรติดขัดในระหว่างการก่อสร้างถนนเส้นทางเข้าตัวเมือง ให้มีความสะดวกปลอดภัยต่อนักศึกษา บุคลากรมหาวิทยาลัยแม่โจ้ และประชาชนที่มีความจำเป็นต้องใช้เส้นทางสัญจรดังกล่าว จึงเปิดใช้ประตูเส้นทางเข้า-ออก (ประตูวิเวก) เป็นการชั่วคราว ตั้งแต่วันที่ 29 พฤษภาคม 2567 เป็นต้นไป ระหว่างเวลา 05.30 น. ถึง 21.00 น. และขอความร่วมมือ ผู้ที่ขับขี่รถจักรยานยนต์ โปรดสวมหมวกนิรภัยทุกครั้งที่เข้ามาในพื้นที่มหาวิทยาลัย และขออภัยในความไม่สะดวกมา ณ ที่นี้ด้วย','NW_10-12-2567-20.06.15.png','2024-05-29 00:00:00.000000','ม.แม่โจ้ เปิดเส้นทางการเดินรถเข้า – ออก ระหว่างการดำเนินการปรับปรุงผิวจราจรทางหลวง','MJU001');
/*!40000 ALTER TABLE `news` ENABLE KEYS */;
UNLOCK TABLES;

--
-- Table structure for table `notification`
--

DROP TABLE IF EXISTS `notification`;
/*!40101 SET @saved_cs_client     = @@character_set_client */;
/*!40101 SET character_set_client = utf8 */;
CREATE TABLE `notification` (
  `notification_id` varchar(6) COLLATE utf8_unicode_ci NOT NULL,
  `message` text COLLATE utf8_unicode_ci,
  `notification_date` datetime(6) NOT NULL,
  `status_view` varchar(255) COLLATE utf8_unicode_ci NOT NULL,
  `record_id` varchar(10) CHARACTER SET utf8 NOT NULL,
  `notification_status` varchar(50) COLLATE utf8_unicode_ci NOT NULL,
  PRIMARY KEY (`notification_id`),
  KEY `FKou5l7wlkw9n59eiw5964xnglb` (`record_id`),
  CONSTRAINT `FKou5l7wlkw9n59eiw5964xnglb` FOREIGN KEY (`record_id`) REFERENCES `recordviolation` (`record_id`)
) ENGINE=InnoDB DEFAULT CHARSET=utf8 COLLATE=utf8_unicode_ci;
/*!40101 SET character_set_client = @saved_cs_client */;

--
-- Dumping data for table `notification`
--

LOCK TABLES `notification` WRITE;
/*!40000 ALTER TABLE `notification` DISABLE KEYS */;
INSERT INTO `notification` VALUES ('NF0212','แจ้งเตือนการอนุมัติหักคะแนนพฤติกรรม เนื่องจากละเมิดกฎจราจรภายในมหาวิทยาลัยแม่โจ้','2025-01-07 21:19:10.347000','อ่านแล้ว','RC3410','อนุมัติหักคะแนนพฤติกรรม'),('NF0353','แจ้งเตือนการอนุมัติหักคะแนนพฤติกรรม เนื่องจากละเมิดกฎจราจรภายในมหาวิทยาลัยแม่โจ้','2025-01-08 23:48:14.894000','ยังไม่ได้อ่าน','RC8866','อนุมัติหักคะแนนพฤติกรรม'),('NF0935','แจ้งเตือนการอนุมัติหักคะแนนพฤติกรรม เนื่องจากละเมิดกฎจราจรภายในมหาวิทยาลัยแม่โจ้','2025-01-08 23:48:03.588000','ยังไม่ได้อ่าน','RC7044','อนุมัติหักคะแนนพฤติกรรม'),('NF1665','แจ้งเตือนการอนุมัติหักคะแนนพฤติกรรม เนื่องจากละเมิดกฎจราจรภายในมหาวิทยาลัยแม่โจ้','2025-01-07 11:05:40.366000','อ่านแล้ว','RC5020','อนุมัติหักคะแนนพฤติกรรม'),('NF1719','แจ้งเตือนถูกลงบันทึกประจำวัน เนื่องจากการละเมิดกฎจราจรภายในมหาวิทยาลัยแม่โจ้','2025-01-07 19:54:51.423000','ยังไม่ได้อ่าน','RC5108','กำลังพิจารณา'),('NF2271','แจ้งเตือนการอนุมัติหักคะแนนพฤติกรรม เนื่องจากละเมิดกฎจราจรภายในมหาวิทยาลัยแม่โจ้','2025-01-08 23:48:32.888000','ยังไม่ได้อ่าน','RC2380','อนุมัติหักคะแนนพฤติกรรม'),('NF2429','แจ้งเตือนการอนุมัติหักคะแนนพฤติกรรม เนื่องจากละเมิดกฎจราจรภายในมหาวิทยาลัยแม่โจ้','2025-01-08 23:49:31.749000','ยังไม่ได้อ่าน','RC8638','อนุมัติหักคะแนนพฤติกรรม'),('NF2585','แจ้งเตือนไม่ถูกหักคะแนนพฤติกรรม เนื่องจากคำร้องขอถูกปฏิเสธ','2025-01-08 23:48:43.719000','ยังไม่ได้อ่าน','RC2525','ไม่อนุมัติหักคะแนนพฤติกรรม'),('NF2681','แจ้งเตือนถูกลงบันทึกประจำวัน เนื่องจากการละเมิดกฎจราจรภายในมหาวิทยาลัยแม่โจ้','2025-01-07 19:54:35.502000','ยังไม่ได้อ่าน','RC1699','กำลังพิจารณา'),('NF2930','แจ้งเตือนถูกลงบันทึกประจำวัน เนื่องจากการละเมิดกฎจราจรภายในมหาวิทยาลัยแม่โจ้','2025-01-07 19:54:28.913000','ยังไม่ได้อ่าน','RC5969','กำลังพิจารณา'),('NF3249','แจ้งเตือนถูกลงบันทึกประจำวัน เนื่องจากการละเมิดกฎจราจรภายในมหาวิทยาลัยแม่โจ้','2025-01-07 19:54:33.711000','ยังไม่ได้อ่าน','RC8168','กำลังพิจารณา'),('NF3369','แจ้งเตือนการอนุมัติหักคะแนนพฤติกรรม เนื่องจากละเมิดกฎจราจรภายในมหาวิทยาลัยแม่โจ้','2025-01-08 23:48:19.311000','ยังไม่ได้อ่าน','RC1699','อนุมัติหักคะแนนพฤติกรรม'),('NF3412','แจ้งเตือนถูกลงบันทึกประจำวัน เนื่องจากการละเมิดกฎจราจรภายในมหาวิทยาลัยแม่โจ้','2025-01-07 19:55:11.276000','ยังไม่ได้อ่าน','RC6844','กำลังพิจารณา'),('NF3431','แจ้งเตือนถูกลงบันทึกประจำวัน เนื่องจากการละเมิดกฎจราจรภายในมหาวิทยาลัยแม่โจ้','2025-01-07 19:54:37.472000','ยังไม่ได้อ่าน','RC3067','กำลังพิจารณา'),('NF3435','แจ้งเตือนถูกลงบันทึกประจำวัน เนื่องจากการละเมิดกฎจราจรภายในมหาวิทยาลัยแม่โจ้','2025-01-07 19:54:53.536000','ยังไม่ได้อ่าน','RC4419','กำลังพิจารณา'),('NF3592','แจ้งเตือนการอนุมัติหักคะแนนพฤติกรรม เนื่องจากละเมิดกฎจราจรภายในมหาวิทยาลัยแม่โจ้','2025-01-08 23:49:28.108000','ยังไม่ได้อ่าน','RC8530','อนุมัติหักคะแนนพฤติกรรม'),('NF3790','แจ้งเตือนไม่ถูกหักคะแนนพฤติกรรม เนื่องจากคำร้องขอถูกปฏิเสธ','2025-01-08 23:48:47.604000','ยังไม่ได้อ่าน','RC3831','ไม่อนุมัติหักคะแนนพฤติกรรม'),('NF4221','แจ้งเตือนการอนุมัติหักคะแนนพฤติกรรม เนื่องจากละเมิดกฎจราจรภายในมหาวิทยาลัยแม่โจ้','2025-01-08 23:48:10.428000','ยังไม่ได้อ่าน','RC6844','อนุมัติหักคะแนนพฤติกรรม'),('NF4308','แจ้งเตือนถูกลงบันทึกประจำวัน เนื่องจากการละเมิดกฎจราจรภายในมหาวิทยาลัยแม่โจ้','2025-01-07 19:54:43.248000','ยังไม่ได้อ่าน','RC6376','กำลังพิจารณา'),('NF4467','แจ้งเตือนถูกลงบันทึกประจำวัน เนื่องจากการละเมิดกฎจราจรภายในมหาวิทยาลัยแม่โจ้','2025-01-07 19:54:54.549000','ยังไม่ได้อ่าน','RC7905','กำลังพิจารณา'),('NF4935','แจ้งเตือนถูกลงบันทึกประจำวัน เนื่องจากการละเมิดกฎจราจรภายในมหาวิทยาลัยแม่โจ้','2025-01-07 19:55:03.426000','ยังไม่ได้อ่าน','RC5048','กำลังพิจารณา'),('NF4993','แจ้งเตือนถูกลงบันทึกประจำวัน เนื่องจากการละเมิดกฎจราจรภายในมหาวิทยาลัยแม่โจ้','2025-01-07 19:55:00.656000','ยังไม่ได้อ่าน','RC6001','กำลังพิจารณา'),('NF5383','แจ้งเตือนการอนุมัติหักคะแนนพฤติกรรม เนื่องจากละเมิดกฎจราจรภายในมหาวิทยาลัยแม่โจ้','2025-01-08 23:48:23.277000','ยังไม่ได้อ่าน','RC1648','อนุมัติหักคะแนนพฤติกรรม'),('NF5834','แจ้งเตือนถูกลงบันทึกประจำวัน เนื่องจากการละเมิดกฎจราจรภายในมหาวิทยาลัยแม่โจ้','2025-01-07 19:54:30.627000','ยังไม่ได้อ่าน','RC6576','กำลังพิจารณา'),('NF6048','แจ้งเตือนถูกลงบันทึกประจำวัน เนื่องจากการละเมิดกฎจราจรภายในมหาวิทยาลัยแม่โจ้','2025-01-07 10:50:56.368000','อ่านแล้ว','RC5020','กำลังพิจารณา'),('NF6230','แจ้งเตือนถูกลงบันทึกประจำวัน เนื่องจากการละเมิดกฎจราจรภายในมหาวิทยาลัยแม่โจ้','2025-01-07 19:54:50.191000','ยังไม่ได้อ่าน','RC8866','กำลังพิจารณา'),('NF6341','แจ้งเตือนถูกลงบันทึกประจำวัน เนื่องจากการละเมิดกฎจราจรภายในมหาวิทยาลัยแม่โจ้','2025-01-07 19:54:44.130000','ยังไม่ได้อ่าน','RC2525','กำลังพิจารณา'),('NF6477','แจ้งเตือนถูกลงบันทึกประจำวัน เนื่องจากการละเมิดกฎจราจรภายในมหาวิทยาลัยแม่โจ้','2025-01-07 19:55:02.443000','อ่านแล้ว','RC7558','กำลังพิจารณา'),('NF6478','แจ้งเตือนถูกลงบันทึกประจำวัน เนื่องจากการละเมิดกฎจราจรภายในมหาวิทยาลัยแม่โจ้','2025-01-07 19:54:59.814000','ยังไม่ได้อ่าน','RC5875','กำลังพิจารณา'),('NF7006','แจ้งเตือนการอนุมัติหักคะแนนพฤติกรรม เนื่องจากละเมิดกฎจราจรภายในมหาวิทยาลัยแม่โจ้','2025-01-08 23:48:27.080000','ยังไม่ได้อ่าน','RC2320','อนุมัติหักคะแนนพฤติกรรม'),('NF7174','แจ้งเตือนถูกลงบันทึกประจำวัน เนื่องจากการละเมิดกฎจราจรภายในมหาวิทยาลัยแม่โจ้','2025-01-07 21:22:07.497000','ยังไม่ได้อ่าน','RC7044','กำลังพิจารณา'),('NF7391','แจ้งเตือนถูกลงบันทึกประจำวัน เนื่องจากการละเมิดกฎจราจรภายในมหาวิทยาลัยแม่โจ้','2025-01-07 11:07:17.137000','อ่านแล้ว','RC8317','กำลังพิจารณา'),('NF7588','แจ้งเตือนถูกลงบันทึกประจำวัน เนื่องจากการละเมิดกฎจราจรภายในมหาวิทยาลัยแม่โจ้','2025-01-07 19:54:48.551000','ยังไม่ได้อ่าน','RC6528','กำลังพิจารณา'),('NF7812','แจ้งเตือนถูกลงบันทึกประจำวัน เนื่องจากการละเมิดกฎจราจรภายในมหาวิทยาลัยแม่โจ้','2025-01-07 19:54:26.111000','ยังไม่ได้อ่าน','RC6443','กำลังพิจารณา'),('NF7936','แจ้งเตือนไม่ถูกหักคะแนนพฤติกรรม เนื่องจากคำร้องขอถูกปฏิเสธ','2025-01-08 23:49:15.102000','ยังไม่ได้อ่าน','RC7905','ไม่อนุมัติหักคะแนนพฤติกรรม'),('NF8004','แจ้งเตือนถูกลงบันทึกประจำวัน เนื่องจากการละเมิดกฎจราจรภายในมหาวิทยาลัยแม่โจ้','2025-01-07 19:54:27.978000','ยังไม่ได้อ่าน','RC3831','กำลังพิจารณา'),('NF8045','แจ้งเตือนถูกลงบันทึกประจำวัน เนื่องจากการละเมิดกฎจราจรภายในมหาวิทยาลัยแม่โจ้','2025-01-07 19:54:44.960000','ยังไม่ได้อ่าน','RC8883','กำลังพิจารณา'),('NF8259','แจ้งเตือนถูกลงบันทึกประจำวัน เนื่องจากการละเมิดกฎจราจรภายในมหาวิทยาลัยแม่โจ้','2025-01-07 21:18:52.309000','อ่านแล้ว','RC3410','กำลังพิจารณา'),('NF8318','แจ้งเตือนถูกลงบันทึกประจำวัน เนื่องจากการละเมิดกฎจราจรภายในมหาวิทยาลัยแม่โจ้','2025-01-07 19:54:32.840000','ยังไม่ได้อ่าน','RC8530','กำลังพิจารณา'),('NF8360','แจ้งเตือนถูกลงบันทึกประจำวัน เนื่องจากการละเมิดกฎจราจรภายในมหาวิทยาลัยแม่โจ้','2025-01-07 19:54:49.251000','ยังไม่ได้อ่าน','RC5917','กำลังพิจารณา'),('NF8771','แจ้งเตือนไม่ถูกหักคะแนนพฤติกรรม เนื่องจากคำร้องขอถูกปฏิเสธ','2025-01-08 23:49:18.761000','ยังไม่ได้อ่าน','RC8595','ไม่อนุมัติหักคะแนนพฤติกรรม'),('NF8939','แจ้งเตือนถูกลงบันทึกประจำวัน เนื่องจากการละเมิดกฎจราจรภายในมหาวิทยาลัยแม่โจ้','2025-01-07 19:54:52.465000','ยังไม่ได้อ่าน','RC2297','กำลังพิจารณา'),('NF8973','แจ้งเตือนถูกลงบันทึกประจำวัน เนื่องจากการละเมิดกฎจราจรภายในมหาวิทยาลัยแม่โจ้','2025-01-07 19:54:34.624000','ยังไม่ได้อ่าน','RC7519','กำลังพิจารณา'),('NF9061','แจ้งเตือนถูกลงบันทึกประจำวัน เนื่องจากการละเมิดกฎจราจรภายในมหาวิทยาลัยแม่โจ้','2025-01-07 21:11:59.324000','อ่านแล้ว','RC8595','กำลังพิจารณา'),('NF9195','แจ้งเตือนถูกลงบันทึกประจำวัน เนื่องจากการละเมิดกฎจราจรภายในมหาวิทยาลัยแม่โจ้','2025-01-07 19:54:23.805000','ยังไม่ได้อ่าน','RC1648','กำลังพิจารณา'),('NF9317','แจ้งเตือนถูกลงบันทึกประจำวัน เนื่องจากการละเมิดกฎจราจรภายในมหาวิทยาลัยแม่โจ้','2025-01-07 19:54:29.796000','ยังไม่ได้อ่าน','RC4380','กำลังพิจารณา'),('NF9471','แจ้งเตือนถูกลงบันทึกประจำวัน เนื่องจากการละเมิดกฎจราจรภายในมหาวิทยาลัยแม่โจ้','2025-01-07 19:54:45.799000','ยังไม่ได้อ่าน','RC2380','กำลังพิจารณา'),('NF9476','แจ้งเตือนถูกลงบันทึกประจำวัน เนื่องจากการละเมิดกฎจราจรภายในมหาวิทยาลัยแม่โจ้','2025-01-07 19:54:36.530000','ยังไม่ได้อ่าน','RC8638','กำลังพิจารณา'),('NF9742','แจ้งเตือนไม่ถูกหักคะแนนพฤติกรรม เนื่องจากคำร้องขอถูกปฏิเสธ','2025-01-07 11:08:59.304000','อ่านแล้ว','RC8317','ไม่อนุมัติหักคะแนนพฤติกรรม'),('NF9745','แจ้งเตือนถูกลงบันทึกประจำวัน เนื่องจากการละเมิดกฎจราจรภายในมหาวิทยาลัยแม่โจ้','2025-01-07 19:55:01.507000','ยังไม่ได้อ่าน','RC2320','กำลังพิจารณา'),('NF9833','แจ้งเตือนไม่ถูกหักคะแนนพฤติกรรม เนื่องจากคำร้องขอถูกปฏิเสธ','2025-01-08 23:48:39.688000','ยังไม่ได้อ่าน','RC3067','ไม่อนุมัติหักคะแนนพฤติกรรม');
/*!40000 ALTER TABLE `notification` ENABLE KEYS */;
UNLOCK TABLES;

--
-- Table structure for table `officer`
--

DROP TABLE IF EXISTS `officer`;
/*!40101 SET @saved_cs_client     = @@character_set_client */;
/*!40101 SET character_set_client = utf8 */;
CREATE TABLE `officer` (
  `officer_id` varchar(10) NOT NULL,
  `email` varchar(50) NOT NULL,
  `firstname` varchar(50) NOT NULL,
  `lastname` varchar(50) NOT NULL,
  `password` varchar(20) NOT NULL,
  `position` varchar(30) NOT NULL,
  `signature` varchar(255) NOT NULL,
  `img_officer` varchar(255) DEFAULT NULL,
  PRIMARY KEY (`officer_id`)
) ENGINE=InnoDB DEFAULT CHARSET=utf8;
/*!40101 SET character_set_client = @saved_cs_client */;

--
-- Dumping data for table `officer`
--

LOCK TABLES `officer` WRITE;
/*!40000 ALTER TABLE `officer` DISABLE KEYS */;
INSERT INTO `officer` VALUES ('MJU001','first@mju.co','KHUBDEE','ADMIN','za12345','หัวหน้าฝ่ายระเบียบวินัย','ADMIN','officer01.png'),('MJU002','officer01@mju.ac.th','เตชิตร','จันทร์อังคาร','12345','หัวหน้าฝ่ายระเบียบวินัย','TACHIT','officer02.png'),('MJU003','officer02@mju.ac.th','มุ่งมั่น','เกินร้อย','12345','เจ้าหน้าที่ฝ่ายระเบียบวินัย','PHURISIT','officer03.png'),('MJU004','officer03@mju.ac.th','สมศรี','เพื่อนสมหวัง','12345','เจ้าหน้าที่ฝ่ายระเบียบวินัย','PHURISIT','officer04.png'),('MJU005','officer04@mju.ac.th','ภูมิภัทร','ภาชนะ','12345','เจ้าหน้าที่ฝ่ายระเบียบวินัย','PHUMPHAT','officer05.png');
/*!40000 ALTER TABLE `officer` ENABLE KEYS */;
UNLOCK TABLES;

--
-- Table structure for table `recordviolation`
--

DROP TABLE IF EXISTS `recordviolation`;
/*!40101 SET @saved_cs_client     = @@character_set_client */;
/*!40101 SET character_set_client = utf8 */;
CREATE TABLE `recordviolation` (
  `record_id` varchar(10) CHARACTER SET utf8 NOT NULL,
  `deduct_date` datetime DEFAULT NULL,
  `deduct_no` int(11) DEFAULT NULL,
  `picture_evidence` varchar(255) CHARACTER SET utf8 NOT NULL,
  `record_date` datetime(6) NOT NULL,
  `status_type` varchar(50) CHARACTER SET utf8 NOT NULL,
  `student_id` varchar(10) CHARACTER SET utf8 NOT NULL,
  `violation_id` varchar(4) CHARACTER SET utf8 NOT NULL,
  `remaining_score` int(11) NOT NULL,
  `officer_id` varchar(10) CHARACTER SET utf8 NOT NULL,
  `location_id` varchar(4) CHARACTER SET utf8 NOT NULL,
  PRIMARY KEY (`record_id`),
  KEY `FKeqx701txx18n6crv5wkjwyocb` (`student_id`),
  KEY `FKhcmadgbdfkbukxv78lim2bxk4` (`violation_id`),
  KEY `FK7ijj6m8unmu46ua0jldhfk1ea` (`officer_id`),
  KEY `FKerdw13rbjj7yemk9yd3jcgnh0_idx` (`location_id`),
  CONSTRAINT `FK7ijj6m8unmu46ua0jldhfk1ea` FOREIGN KEY (`officer_id`) REFERENCES `officer` (`officer_id`),
  CONSTRAINT `FKeqx701txx18n6crv5wkjwyocb` FOREIGN KEY (`student_id`) REFERENCES `student` (`student_id`),
  CONSTRAINT `FKerdw13rbjj7yemk9yd3jcgnh0` FOREIGN KEY (`location_id`) REFERENCES `location` (`location_id`),
  CONSTRAINT `FKhcmadgbdfkbukxv78lim2bxk4` FOREIGN KEY (`violation_id`) REFERENCES `violationtype` (`violation_id`)
) ENGINE=InnoDB DEFAULT CHARSET=utf8 COLLATE=utf8_unicode_ci;
/*!40101 SET character_set_client = @saved_cs_client */;

--
-- Dumping data for table `recordviolation`
--

LOCK TABLES `recordviolation` WRITE;
/*!40000 ALTER TABLE `recordviolation` DISABLE KEYS */;
INSERT INTO `recordviolation` VALUES ('RC1648','2025-01-08 23:48:23',3,'RC_07-01-2568-19.54.23.png','2025-01-04 19:54:22.000000','อนุมัติหักคะแนนพฤติกรรม','6404100003','V001',99,'MJU002','L001'),('RC1699','2025-01-08 23:48:19',12,'RC_07-01-2568-19.54.35.png','2025-01-01 19:54:22.000000','อนุมัติหักคะแนนพฤติกรรม','6404100001','V001',99,'MJU002','L001'),('RC2297',NULL,23,'RC_07-01-2568-19.54.52.png','2024-12-07 19:54:48.000000','กำลังพิจารณา','6404100003','V004',99,'MJU002','L001'),('RC2320','2025-01-08 23:48:27',28,'RC_07-01-2568-19.55.01.png','2024-12-30 19:54:59.000000','อนุมัติหักคะแนนพฤติกรรม','6000000007','V002',99,'MJU002','L001'),('RC2380','2025-01-08 23:48:32',18,'RC_07-01-2568-19.54.45.png','2024-12-25 19:54:42.000000','อนุมัติหักคะแนนพฤติกรรม','6404106328','V003',99,'MJU002','L001'),('RC2525',NULL,16,'RC_07-01-2568-19.54.44.png','2024-12-20 19:54:42.000000','ไม่อนุมัติหักคะแนนพฤติกรรม','6000000003','V003',99,'MJU002','L001'),('RC3067',NULL,14,'RC_07-01-2568-19.54.37.png','2024-12-09 19:54:22.000000','ไม่อนุมัติหักคะแนนพฤติกรรม','6404100001','V001',99,'MJU002','L001'),('RC3410','2025-01-07 21:19:10',1,'RC_07-01-2568-21.18.52.png','2025-01-07 21:18:52.000000','อนุมัติหักคะแนนพฤติกรรม','6000000003','V004',100,'MJU002','L001'),('RC3831',NULL,5,'RC_07-01-2568-19.54.27.png','2024-11-12 19:54:22.000000','ไม่อนุมัติหักคะแนนพฤติกรรม','6404100002','V001',99,'MJU002','L001'),('RC4380',NULL,7,'RC_07-01-2568-19.54.29.png','2024-11-10 19:54:22.000000','กำลังพิจารณา','6000000003','V001',99,'MJU002','L001'),('RC4419',NULL,24,'RC_07-01-2568-19.54.53.png','2024-10-12 19:54:48.000000','กำลังพิจารณา','6404100002','V004',99,'MJU002','L001'),('RC5020','2025-01-07 11:05:40',1,'RC_07-01-2568-10.50.56.png','2025-01-07 10:50:55.000000','อนุมัติหักคะแนนพฤติกรรม','6404106328','V001',100,'MJU001','L002'),('RC5048',NULL,30,'RC_07-01-2568-19.55.03.png','2024-10-30 19:54:59.000000','กำลังพิจารณา','6404100003','V002',99,'MJU002','L001'),('RC5108',NULL,22,'RC_07-01-2568-19.54.51.png','2024-10-09 19:54:48.000000','กำลังพิจารณา','6404106328','V004',99,'MJU002','L001'),('RC5875',NULL,26,'RC_07-01-2568-19.54.59.png','2024-10-23 19:54:59.000000','กำลังพิจารณา','6404100001','V002',99,'MJU002','L001'),('RC5917',NULL,20,'RC_07-01-2568-19.54.49.png','2024-10-02 19:54:48.000000','กำลังพิจารณา','6404100003','V004',99,'MJU002','L001'),('RC5969',NULL,6,'RC_07-01-2568-19.54.28.png','2024-09-07 19:54:22.000000','กำลังพิจารณา','6000000001','V001',99,'MJU002','L001'),('RC6001',NULL,27,'RC_07-01-2568-19.55.00.png','2025-01-07 19:54:59.000000','กำลังพิจารณา','6000000003','V002',99,'MJU002','L001'),('RC6376',NULL,15,'RC_07-01-2568-19.54.43.png','2024-09-07 19:54:42.000000','กำลังพิจารณา','6404106328','V003',99,'MJU002','L001'),('RC6443',NULL,4,'RC_07-01-2568-19.54.26.png','2024-09-07 19:54:22.000000','กำลังพิจารณา','6404106328','V001',99,'MJU002','L001'),('RC6528',NULL,19,'RC_07-01-2568-19.54.48.png','2025-01-07 19:54:48.000000','กำลังพิจารณา','6404106328','V004',99,'MJU002','L001'),('RC6576',NULL,8,'RC_07-01-2568-19.54.30.png','2024-09-07 19:54:22.000000','กำลังพิจารณา','6404106328','V001',99,'MJU002','L001'),('RC6844','2025-01-08 23:48:10',31,'RC_07-01-2568-19.55.11.png','2025-01-07 19:55:10.000000','อนุมัติหักคะแนนพฤติกรรม','6000000003','V001',99,'MJU002','L001'),('RC7044','2025-01-08 23:48:03',2,'RC_07-01-2568-21.22.07.png','2025-01-07 21:22:07.000000','อนุมัติหักคะแนนพฤติกรรม','6404100002','V002',97,'MJU002','L004'),('RC7519',NULL,11,'RC_07-01-2568-19.54.34.png','2024-08-07 19:54:22.000000','กำลังพิจารณา','6404106328','V001',99,'MJU002','L001'),('RC7558',NULL,29,'RC_07-01-2568-19.55.02.png','2025-01-07 19:54:59.000000','กำลังพิจารณา','6404106328','V002',99,'MJU002','L001'),('RC7905',NULL,25,'RC_07-01-2568-19.54.54.png','2025-01-07 19:54:48.000000','ไม่อนุมัติหักคะแนนพฤติกรรม','6000000007','V004',99,'MJU002','L001'),('RC8168',NULL,10,'RC_07-01-2568-19.54.33.png','2024-08-07 19:54:22.000000','กำลังพิจารณา','6404106328','V001',99,'MJU002','L001'),('RC8317',NULL,2,'RC_07-01-2568-11.07.17.png','2024-07-07 11:07:14.000000','ไม่อนุมัติหักคะแนนพฤติกรรม','6404106328','V001',99,'MJU002','L002'),('RC8530','2025-01-08 23:49:28',9,'RC_07-01-2568-19.54.32.png','2024-08-07 19:54:22.000000','อนุมัติหักคะแนนพฤติกรรม','6404106328','V001',99,'MJU002','L001'),('RC8595',NULL,32,'RC_07-01-2568-21.11.59.png','2025-01-07 21:11:57.000000','ไม่อนุมัติหักคะแนนพฤติกรรม','6404106328','V001',99,'MJU002','L001'),('RC8638','2025-01-08 23:49:32',13,'RC_07-01-2568-19.54.36.png','2024-08-09 19:54:22.000000','อนุมัติหักคะแนนพฤติกรรม','6000000001','V001',99,'MJU002','L001'),('RC8866','2025-01-08 23:48:14',21,'RC_07-01-2568-19.54.50.png','2025-01-07 19:54:48.000000','อนุมัติหักคะแนนพฤติกรรม','6000000007','V004',99,'MJU002','L001'),('RC8883',NULL,17,'RC_07-01-2568-19.54.44.png','2024-09-07 19:54:42.000000','กำลังพิจารณา','6000000001','V003',99,'MJU002','L001');
/*!40000 ALTER TABLE `recordviolation` ENABLE KEYS */;
UNLOCK TABLES;

--
-- Table structure for table `student`
--

DROP TABLE IF EXISTS `student`;
/*!40101 SET @saved_cs_client     = @@character_set_client */;
/*!40101 SET character_set_client = utf8 */;
CREATE TABLE `student` (
  `student_id` varchar(10) NOT NULL,
  `email` varchar(50) NOT NULL,
  `faculty` varchar(40) NOT NULL,
  `firstname` varchar(50) NOT NULL,
  `lastname` varchar(50) NOT NULL,
  `major` varchar(40) NOT NULL,
  `password` varchar(20) NOT NULL,
  `student_score` int(11) NOT NULL,
  `img_student` varchar(255) DEFAULT NULL,
  PRIMARY KEY (`student_id`)
) ENGINE=InnoDB DEFAULT CHARSET=utf8;
/*!40101 SET character_set_client = @saved_cs_client */;

--
-- Dumping data for table `student`
--

LOCK TABLES `student` WRITE;
/*!40000 ALTER TABLE `student` DISABLE KEYS */;
INSERT INTO `student` VALUES ('6000000001','mju6000000001@mju.ac.th','วิทยาศาสตร์','สมชาย','ใจดี','วิทยาการคอมพิวเตอร์','12345',99,'student01.png'),('6000000002','mju6000000002@mju.ac.th','วิทยาศาสตร์','กานแก้ว','มั่งมี','วิทยาการคอมพิวเตอร์','12345',100,'student02.png'),('6000000003','mju6000000003@mju.ac.th','ศิลปศาสตร์','ปองกูล','น้ำใจ','ภาษาอังกฤษ','12345',99,'student03.png'),('6000000004','mju6000000004@mju.ac.th','ศิลปศาสตร์','เกรียติศักย์','จันทร์','ภาษาอังกฤษ','12345',100,'student04.png'),('6000000005','mju6000000005@mju.ac.th','เศรษฐศาสตร์','มีนา','สายรุ้ง','เศรษฐศาสตร์','12345',100,'student05.png'),('6000000006','mju6000000006@mju.ac.th','เศรษฐศาสตร์','อาทิตย์','มั่งมั่น','เศรษฐศาสตร์ระหว่างประเทศ','12345',100,'student06.png'),('6000000007','mju6000000007@mju.ac.th','บริหารธุรกิจ','สาริกา','รุ่งเรือง','บัญชี','12345',96,'student07.png'),('6000000008','mju6000000008@mju.ac.th','บริหารธุรกิจ','เรือนแก้ว','สีคราม','บัญชี','12345',100,'student08.png'),('6000000009','mju6000000009@mju.ac.th','สารสนเทศและการสื่อสาร','ภพภูมิ','จันทนะ','การสื่อสารดิจิทัล','12345',100,'student09.png'),('6000000010','mju6000000010@mju.ac.th','สารสนเทศและการสื่อสาร','ก้อง','ห้วยไร่','การสื่อสารดิจิทัล','12345',100,'student10.png'),('6404100001','mju6404100001@mju.ac.th','วิทยาศาสตร์','มานะ','กว้างไกล','เทคโนโลยีสารสนเทศ','12345',99,'student11.png'),('6404100002','mju6404100002@mju.ac.th','วิทยาศาสตร์','สมชาย','ใจดี','วิทยาการคอมพิวเตอร์','12345',96,'student12.png'),('6404100003','mju6404100003@mju.ac.th','วิทยาศาสตร์','อิทธิ','ภูมิใจ','วิทยาการคอมพิวเตอร์','12345',99,'student13.png'),('6404106328','mju6404106328@mju.ac.th','วิทยาศาสตร์','ภูริศิษฎ์','แซ่จาง','เทคโนโลยีสารสนเทศ','12345',96,'student28.png'),('9999999999','first@mju.co','วิทยาศาสตร์','admin','khubdee','เทคโนโลยีสารสนเทศ','za12345',100,'student28.png');
/*!40000 ALTER TABLE `student` ENABLE KEYS */;
UNLOCK TABLES;

--
-- Table structure for table `violationtype`
--

DROP TABLE IF EXISTS `violationtype`;
/*!40101 SET @saved_cs_client     = @@character_set_client */;
/*!40101 SET character_set_client = utf8 */;
CREATE TABLE `violationtype` (
  `violation_id` varchar(4) NOT NULL,
  `violation_name` varchar(50) NOT NULL,
  `deduct_score` int(11) NOT NULL,
  PRIMARY KEY (`violation_id`)
) ENGINE=InnoDB DEFAULT CHARSET=utf8;
/*!40101 SET character_set_client = @saved_cs_client */;

--
-- Dumping data for table `violationtype`
--

LOCK TABLES `violationtype` WRITE;
/*!40000 ALTER TABLE `violationtype` DISABLE KEYS */;
INSERT INTO `violationtype` VALUES ('V001','ขับขี่ไม่สวมหมวกกันน็อค',1),('V002','ขับขี่ด้วยความเร็วเกินกำหนด',1),('V003','ขับขี่ย้อนศร',2),('V004','ขับขี่โดยประมาท',3);
/*!40000 ALTER TABLE `violationtype` ENABLE KEYS */;
UNLOCK TABLES;
/*!40103 SET TIME_ZONE=@OLD_TIME_ZONE */;

/*!40101 SET SQL_MODE=@OLD_SQL_MODE */;
/*!40014 SET FOREIGN_KEY_CHECKS=@OLD_FOREIGN_KEY_CHECKS */;
/*!40014 SET UNIQUE_CHECKS=@OLD_UNIQUE_CHECKS */;
/*!40101 SET CHARACTER_SET_CLIENT=@OLD_CHARACTER_SET_CLIENT */;
/*!40101 SET CHARACTER_SET_RESULTS=@OLD_CHARACTER_SET_RESULTS */;
/*!40101 SET COLLATION_CONNECTION=@OLD_COLLATION_CONNECTION */;
/*!40111 SET SQL_NOTES=@OLD_SQL_NOTES */;

-- Dump completed on 2025-01-08 23:53:18
